{
  "binary_L11/32": {
    "label": "binary_L11",
    "size": 32,
    "f": 0.18413196103170257,
    "r2": 0.5633882587711256,
    "ceiling": 1.2256884106706103,
    "peak_speedup": 1.1593474569107942,
    "peak_threads": 4,
    "ratio_to_ceiling": 0.9458745361526923,
    "window_threads": [
      1,
      2,
      4
    ]
  },
  "binary_L11/64": {
    "label": "binary_L11",
    "size": 64,
    "f": 0.7369466071042322,
    "r2": 0.9294961727787598,
    "ceiling": 3.801509606060241,
    "peak_speedup": 2.636462835743582,
    "peak_threads": 8,
    "ratio_to_ceiling": 0.6935304941859466,
    "window_threads": [
      1,
      2,
      4,
      8
    ]
  },
  "binary_L11/128": {
    "label": "binary_L11",
    "size": 128,
    "f": 0.927584286889309,
    "r2": 0.9987647369324748,
    "ceiling": 13.809157668190759,
    "peak_speedup": 5.272666857177035,
    "peak_threads": 8,
    "ratio_to_ceiling": 0.3818239304575807,
    "window_threads": [
      1,
      2,
      4,
      8
    ]
  },
  "binary_L11/256": {
    "label": "binary_L11",
    "size": 256,
    "f": 0.9436654644932835,
    "r2": 0.9665805986593217,
    "ceiling": 17.751100475138813,
    "peak_speedup": 8.227708302083652,
    "peak_threads": 16,
    "ratio_to_ceiling": 0.4635041254826378,
    "window_threads": [
      1,
      2,
      4,
      8,
      16
    ]
  },
  "binary_optim/128": {
    "label": "binary_optim",
    "size": 128,
    "f": 0.9563666278783578,
    "r2": 0.9991710230061771,
    "ceiling": 22.91823783896819,
    "peak_speedup": 6.097287473094634,
    "peak_threads": 8,
    "ratio_to_ceiling": 0.26604521324616565,
    "window_threads": [
      1,
      2,
      4,
      8
    ]
  },
  "smooth_N3/32": {
    "label": "smooth_N3",
    "size": 32,
    "f": 0.043311706692626996,
    "r2": -0.22844285039779955,
    "ceiling": 1.0452725375606864,
    "peak_speedup": 1.0726663039891553,
    "peak_threads": 4,
    "ratio_to_ceiling": 1.0262072956517128,
    "window_threads": [
      1,
      2,
      4
    ]
  },
  "smooth_N3/64": {
    "label": "smooth_N3",
    "size": 64,
    "f": 0.5135853293448001,
    "r2": 0.9605466600351482,
    "ceiling": 2.0558590444095803,
    "peak_speedup": 1.643829377400137,
    "peak_threads": 4,
    "ratio_to_ceiling": 0.7995827252214299,
    "window_threads": [
      1,
      2,
      4
    ]
  },
  "smooth_N3/128": {
    "label": "smooth_N3",
    "size": 128,
    "f": 0.7345320105412817,
    "r2": 0.9999667348658443,
    "ceiling": 3.7669325105409945,
    "peak_speedup": 2.225103077397232,
    "peak_threads": 4,
    "ratio_to_ceiling": 0.59069364029505,
    "window_threads": [
      1,
      2,
      4
    ]
  },
  "terrain_L33/32": {
    "label": "terrain_L33",
    "size": 32,
    "f": 0.6291805558468732,
    "r2": 0.9791629355050614,
    "ceiling": 2.6967302167333442,
    "peak_speedup": 1.890379766595064,
    "peak_threads": 4,
    "ratio_to_ceiling": 0.7009895742870993,
    "window_threads": [
      1,
      2,
      4
    ]
  },
  "terrain_L33/64": {
    "label": "terrain_L33",
    "size": 64,
    "f": 0.8673278513886283,
    "r2": 0.9959845884312474,
    "ceiling": 7.537376988815025,
    "peak_speedup": 4.091499861782686,
    "peak_threads": 8,
    "ratio_to_ceiling": 0.5428280777058391,
    "window_threads": [
      1,
      2,
      4,
      8
    ]
  },
  "terrain_L33/128": {
    "label": "terrain_L33",
    "size": 128,
    "f": 0.9416076466028726,
    "r2": 0.9997749499771369,
    "ceiling": 17.125530002173093,
    "peak_speedup": 5.688062681722112,
    "peak_threads": 8,
    "ratio_to_ceiling": 0.33213936625613,
    "window_threads": [
      1,
      2,
      4,
      8
    ]
  }
}