{
  "binary_L11/32": {
    "label": "binary_L11",
    "size": 32,
    "f": 0.19375309750952088,
    "r2": 0.567502893989039,
    "ceiling": 1.2403148426505848,
    "peak_speedup": 1.1648221696639742,
    "peak_threads": 4,
    "ratio_to_ceiling": 0.9391342662438186,
    "window_threads": [
      1,
      2,
      4
    ]
  },
  "binary_L11/64": {
    "label": "binary_L11",
    "size": 64,
    "f": 0.8041981699633067,
    "r2": 0.9975861376614742,
    "ceiling": 5.107204563984923,
    "peak_speedup": 2.5276369387557907,
    "peak_threads": 4,
    "ratio_to_ceiling": 0.494915938276729,
    "window_threads": [
      1,
      2,
      4
    ]
  },
  "binary_L11/128": {
    "label": "binary_L11",
    "size": 128,
    "f": 0.9208916432720052,
    "r2": 0.9986759466284489,
    "ceiling": 12.64088955150956,
    "peak_speedup": 5.11186143084801,
    "peak_threads": 8,
    "ratio_to_ceiling": 0.4043909576156021,
    "window_threads": [
      1,
      2,
      4,
      8
    ]
  },
  "binary_L11/256": {
    "label": "binary_L11",
    "size": 256,
    "f": 0.9325618628484917,
    "r2": 0.9489632539047504,
    "ceiling": 14.828404849816271,
    "peak_speedup": 7.42361351114785,
    "peak_threads": 16,
    "ratio_to_ceiling": 0.5006346661245785,
    "window_threads": [
      1,
      2,
      4,
      8,
      16
    ]
  },
  "binary_L11/512": {
    "label": "binary_L11",
    "size": 512,
    "f": 0.9640327142032821,
    "r2": 0.9732152116867345,
    "ceiling": 27.803043177955107,
    "peak_speedup": 14.252494419911228,
    "peak_threads": 32,
    "ratio_to_ceiling": 0.5126235401170747,
    "window_threads": [
      1,
      2,
      4,
      8,
      16,
      32
    ]
  },
  "smooth_N3/32": {
    "label": "smooth_N3",
    "size": 32,
    "f": 0.023111699531481074,
    "r2": -0.37585470625122497,
    "ceiling": 1.0236584873832522,
    "peak_speedup": 1.0714508734162653,
    "peak_threads": 4,
    "ratio_to_ceiling": 1.0466878227671257,
    "window_threads": [
      1,
      2,
      4
    ]
  },
  "smooth_N3/64": {
    "label": "smooth_N3",
    "size": 64,
    "f": 0.4987919301019873,
    "r2": 0.9676953952927836,
    "ceiling": 1.99517936772942,
    "peak_speedup": 1.6153293030978144,
    "peak_threads": 4,
    "ratio_to_ceiling": 0.8096160822553575,
    "window_threads": [
      1,
      2,
      4
    ]
  },
  "smooth_N3/128": {
    "label": "smooth_N3",
    "size": 128,
    "f": 0.7080445939140594,
    "r2": 0.9926246789378587,
    "ceiling": 3.4251806240081675,
    "peak_speedup": 2.155120078368322,
    "peak_threads": 4,
    "ratio_to_ceiling": 0.6291989576439877,
    "window_threads": [
      1,
      2,
      4
    ]
  },
  "terrain_N2/32": {
    "label": "terrain_N2",
    "size": 32,
    "f": 0.586649865203153,
    "r2": 0.9725831385068929,
    "ceiling": 2.419256499073066,
    "peak_speedup": 1.8002758565143415,
    "peak_threads": 4,
    "ratio_to_ceiling": 0.7441442679617123,
    "window_threads": [
      1,
      2,
      4
    ]
  },
  "terrain_N2/64": {
    "label": "terrain_N2",
    "size": 64,
    "f": 0.8707687373965766,
    "r2": 0.9979777240337171,
    "ceiling": 7.738065695982059,
    "peak_speedup": 4.161707602981849,
    "peak_threads": 8,
    "ratio_to_ceiling": 0.5378227281196112,
    "window_threads": [
      1,
      2,
      4,
      8
    ]
  },
  "terrain_N2/128": {
    "label": "terrain_N2",
    "size": 128,
    "f": 0.9546712888897411,
    "r2": 0.9997708991203074,
    "ceiling": 22.061072894121555,
    "peak_speedup": 6.088312527439757,
    "peak_threads": 8,
    "ratio_to_ceiling": 0.2759753597052872,
    "window_threads": [
      1,
      2,
      4,
      8
    ]
  },
  "terrain_N2/256": {
    "label": "terrain_N2",
    "size": 256,
    "f": 0.964914891404462,
    "r2": 0.998917725125582,
    "ceiling": 28.50212070106505,
    "peak_speedup": 10.410137491239151,
    "peak_threads": 16,
    "ratio_to_ceiling": 0.36524080437460754,
    "window_threads": [
      1,
      2,
      4,
      8,
      16
    ]
  }
}